type,phone,F1_0.33,F2_0.33,F3_0.33,B1_0.33,B2_0.33,B3_0.33,A1A2diff_0.33,A2A3diff_0.33
means,AA1,562.359233716475,961.385555555556,1942.14957854406,2.13787586206897,2.23671647509579,2.51908007662835,7.68057394636015,18.4588697318008
means,AE1,550.632615384615,1028.04365384615,2121.66842307692,2.11953807692308,2.31814115384615,2.31452326923077,9.11730173076923,13.8569507692308
means,AH1,522.914467532467,1035.12158441558,2065.61212987013,1.98730233766234,2.33692831168831,2.5813561038961,13.0833085714286,17.498261038961
means,AO1,492.449442060086,837.526824034335,2114.22103004292,2.03779012875536,2.21331630901288,2.66578583690987,8.1025339055794,25.0029231759657
means,AW1,575.044860335195,1055.12927374302,1878.17575418994,2.26362122905028,2.2604905027933,2.48321173184358,6.15984078212291,14.6694245810056
means,AY1,590.523747276688,1129.53679738562,1959.92071895425,2.21070326797386,2.33471938997821,2.41560065359477,8.50874923747277,12.6311348583878
means,EH1,457.175633802817,883.766126760563,2138.39424882629,1.99795399061033,2.31765023474178,2.30889436619718,10.8923319248826,17.1428687793427
means,ER1,518.159411764706,1016.11988235294,1807.74976470588,1.82173529411765,2.35547411764706,2.38516941176471,14.2609152941176,13.7418352941176
means,EY1,444.785,1123.00931952663,2216.17721893491,1.75978964497041,2.59957366863905,2.39329319526627,19.6822766272189,9.82274911242603
means,IH1,438.4183,1036.16555,2188.1156,1.79540875,2.5366335,2.36927875,18.56935375,11.65999675
means,IY1,366.404422442244,1032.09541254125,2283.0898019802,1.7111095709571,2.59896072607261,2.40597854785479,20.9523706270627,12.0445696369637
means,OW1,472.313455497382,908.134712041885,2041.99782722513,1.8474442408377,2.29910314136126,2.6417997382199,13.947809947644,20.4456193717277
means,OY1,407.26,670.143333333333,2066.33666666667,1.91531666666667,2.08975,2.62235,7.916,32.6465666666667
means,UH1,457.28,969.162272727273,1903.99545454545,1.69219090909091,2.39131363636364,2.57123636363636,19.1573954545455,16.1489818181818
means,UW1,390.380855263158,1067.00940789474,2111.1275,1.71239802631579,2.56503684210526,2.57300394736842,22.0101203947368,12.4133875
matrix,AA1,16092.7535824875,21185.8147846581,13408.802613522,-10.3177313454907,24.7686089703655,2.57679553082818,220.872265406882,-555.767774700206
matrix,AA1,21185.8147846581,52118.7666909402,36723.8075604273,-29.0113189230769,38.9575686311966,12.9675412303419,976.535921583761,-1252.50525296966
matrix,AA1,13408.802613522,36723.8075604273,118492.74048636,-50.7132050832891,-4.94334534302977,16.0415529761863,1516.95915159667,416.714048202579
matrix,AA1,-10.3177313454907,-29.0113189230769,-50.7132050832891,0.112356693761273,-0.0397049916007957,-0.0187512057519894,-2.10945960216976,0.391379968497347
matrix,AA1,24.7686089703655,38.9575686311966,-4.94334534302977,-0.0397049916007957,0.14450685530445,0.00134837852180961,1.85066588850781,-2.44194063942249
matrix,AA1,2.57679553082818,12.9675412303419,16.0415529761863,-0.0187512057519894,0.00134837852180961,0.114992787601533,0.513828271863543,0.990153046471559
matrix,AA1,220.872265406882,976.535921583761,1516.95915159667,-2.10945960216976,1.85066588850781,0.513828271863543,81.5430946317032,-26.6850428015224
matrix,AA1,-555.767774700206,-1252.50525296966,416.714048202579,0.391379968497347,-2.44194063942249,0.990153046471559,-26.6850428015224,89.9845315091957
matrix,AO1,9167.14741563564,9178.36157063416,-3098.52949942282,2.08673735222732,10.4026782462076,1.71322824637413,-6.5880328861736,-348.802348715462
matrix,AO1,9178.36157063416,22914.8922769387,7699.64094509583,-3.25864737200311,18.7441008839167,4.02305522637635,388.285092315044,-868.827016913146
matrix,AO1,-3098.52949942282,7699.64094509583,113665.601339452,-19.1923922785815,-20.0660746418714,-8.14689572672784,447.136880439063,949.996049588094
matrix,AO1,2.08673735222732,-3.25864737200311,-19.1923922785815,0.0800530022728282,-0.0210447301831434,-0.0120615747955824,-1.31344378056904,0.274382832557348
matrix,AO1,10.4026782462076,18.7441008839167,-20.0660746418714,-0.0210447301831434,0.107389052663904,0.00931848583542992,1.21690348211706,-1.78246254098305
matrix,AO1,1.71322824637413,4.02305522637635,-8.14689572672784,-0.0120615747955824,0.00931848583542992,0.0696015319968181,0.391420209749519,0.354222324208968
matrix,AO1,-6.5880328861736,388.285092315044,447.136880439063,-1.31344378056904,1.21690348211706,0.391420209749519,46.6748698676817,-27.6273222279444
matrix,AO1,-348.802348715462,-868.827016913146,949.996049588094,0.274382832557348,-1.78246254098305,0.354222324208968,-27.6273222279444,79.7694005343744
matrix,UH1,3296.04424761905,2068.87197142857,-37.1818619047615,-0.899509047619052,3.93147966666666,-8.02083938095238,-37.5796074761904,-8.83512771428572
matrix,UH1,2068.87197142857,115018.47804697,82014.7172489178,-103.944589168831,2.72976820562771,2.35366724675324,3534.90886724892,-2508.698581671
matrix,UH1,-37.1818619047615,82014.7172489178,146767.677873593,-99.9192460432901,-11.0972695541125,-17.2622252554113,2638.46019231169,-1715.24117656277
matrix,UH1,-0.899509047619052,-103.944589168831,-99.9192460432901,0.186997608484849,-0.0673894774891775,-0.0132332210822511,-4.57659294004329,3.02832158649351
matrix,UH1,3.93147966666666,2.72976820562771,-11.0972695541125,-0.0673894774891775,0.145886709805195,-0.0338801143290043,1.53513034720779,-2.06139699069264
matrix,UH1,-8.02083938095238,2.35366724675324,-17.2622252554113,-0.0132332210822511,-0.0338801143290043,0.116811797662338,0.204540177316017,0.666915456406927
matrix,UH1,-37.5796074761904,3534.90886724892,2638.46019231169,-4.57659294004329,1.53513034720779,0.204540177316017,143.98166299855,-103.669139107229
matrix,UH1,-8.83512771428572,-2508.698581671,-1715.24117656277,3.02832158649351,-2.06139699069264,0.666915456406927,-103.669139107229,96.5468687663204
matrix,AY1,28611.7096789404,44007.3521218526,29774.0240710991,-26.6313780035391,28.1687759664831,20.8666028840083,415.231758601117,-633.354002281564
matrix,AY1,44007.3521218526,118626.448910463,85784.1100627879,-68.0757756707338,47.248798044767,61.0958114911807,1622.70232270825,-1491.83525627021
matrix,AY1,29774.0240710991,85784.1100627879,125713.697064329,-52.8662482447127,16.5191374030596,49.1334811851186,1619.3859324012,-117.623105915946
matrix,AY1,-26.6313780035391,-68.0757756707338,-52.8662482447127,0.131562980360476,-0.0508171157403602,-0.0455803312903502,-2.49764755035776,0.984587724558324
matrix,AY1,28.1687759664831,47.248798044767,16.5191374030596,-0.0508171157403602,0.140305709776046,0.00868224786939521,1.88778751456722,-2.41851895122323
matrix,AY1,20.8666028840083,61.0958114911807,49.1334811851186,-0.0455803312903502,0.00868224786939521,0.115184602685161,0.895707017456831,0.496008196636556
matrix,AY1,415.231758601117,1622.70232270825,1619.3859324012,-2.49764755035776,1.88778751456722,0.895707017456831,83.0649803399285,-30.9595443891873
matrix,AY1,-633.354002281564,-1491.83525627021,-117.623105915946,0.984587724558324,-2.41851895122323,0.496008196636556,-30.9595443891873,78.7858341401359
matrix,OW1,7792.86220325129,13046.7730521788,-706.44399299721,1.97799993858817,7.18909578964148,-1.27210831667835,-10.6531957667477,-375.410744964752
matrix,OW1,13046.7730521788,56869.7899530665,24582.6610685328,-15.0232057444449,22.3886498513007,-4.97555743183411,785.236038685287,-1741.86151951672
matrix,OW1,-706.44399299721,24582.6610685328,105013.246076894,-23.0614657592654,-11.3740322503745,-18.0315340714364,1160.58448985107,-137.310806162524
matrix,OW1,1.97799993858817,-15.0232057444449,-23.0614657592654,0.198265809402441,-0.0273518726327795,-0.0169377156839263,-2.92026778010004,0.702346117434692
matrix,OW1,7.18909578964148,22.3886498513007,-11.3740322503745,-0.0273518726327795,0.103260042457298,-0.00560924086531723,1.35791395235712,-2.00367812171456
matrix,OW1,-1.27210831667835,-4.97555743183411,-18.0315340714364,-0.0169377156839263,-0.00560924086531723,0.0604730350393014,0.00885960472702033,0.474919975910596
matrix,OW1,-10.6531957667477,785.236038685287,1160.58448985107,-2.92026778010004,1.35791395235712,0.00885960472702033,78.6312716188509,-40.096721343579
matrix,OW1,-375.410744964752,-1741.86151951672,-137.310806162524,0.702346117434692,-2.00367812171456,0.474919975910596,-40.096721343579,94.3298629238757
matrix,AW1,20376.9561790534,26326.3082726508,13421.5778488419,-18.4726650812881,13.9658256025987,11.0702335662545,78.9637593512335,-432.271392726885
matrix,AW1,26326.3082726508,76880.3827236269,58890.2030351014,-42.5226478159563,26.9065108694683,21.1451803737367,812.630468271358,-1365.48196282474
matrix,AW1,13421.5778488419,58890.2030351014,108054.818199849,-45.9344052295838,6.27166683585462,19.7602068478438,1255.22810098311,-217.022781529879
matrix,AW1,-18.4726650812881,-42.5226478159563,-45.9344052295838,0.0911260048276944,-0.0333410704152282,-0.011078056767309,-1.58322383081445,0.775759584756136
matrix,AW1,13.9658256025987,26.9065108694683,6.27166683585462,-0.0333410704152282,0.141071347044128,-0.0199027961239094,1.93339982061421,-2.52263342841692
matrix,AW1,11.0702335662545,21.1451803737367,19.7602068478438,-0.011078056767309,-0.0199027961239094,0.113442180479568,-0.205942735762036,1.54647894487854
matrix,AW1,78.9637593512335,812.630468271358,1255.22810098311,-1.58322383081445,1.93339982061421,-0.205942735762036,68.0818431047881,-38.3424823381429
matrix,AW1,-432.271392726885,-1365.48196282474,-217.022781529879,0.775759584756136,-2.52263342841692,1.54647894487854,-38.3424823381429,98.214052053662
matrix,IH1,7084.90202116291,26007.550773619,2967.42084889223,-5.35031940614035,13.499542813985,-1.56478956253133,361.751872419925,-767.312748005539
matrix,IH1,26007.550773619,244584.452256338,55243.0769096942,-71.4175737504386,89.6283689238847,4.8344010731203,4401.59492383127,-5896.37549903455
matrix,IH1,2967.42084889223,55243.0769096942,53701.2466853534,-40.9154568987469,18.4637065111779,0.940782392481206,1437.26662355038,-876.15249903188
matrix,IH1,-5.35031940614035,-71.4175737504386,-40.9154568987469,0.18272517618891,-0.0634918398677945,-0.00991372966322055,-3.44856466117325,1.36960511348716
matrix,IH1,13.499542813985,89.6283689238847,18.4637065111779,-0.0634918398677945,0.169766627045363,-0.0237124563790727,3.37380942047556,-4.45985085964023
matrix,IH1,-1.56478956253133,4.8344010731203,0.940782392481206,-0.00991372966322055,-0.0237124563790727,0.0941030427803885,0.0859865865335212,1.06122876166009
matrix,IH1,361.751872419925,4401.59492383127,1437.26662355038,-3.44856466117325,3.37380942047556,0.0859865865335212,146.024225780437,-122.181112299349
matrix,IH1,-767.312748005539,-5896.37549903455,-876.15249903188,1.36960511348716,-4.45985085964023,1.06122876166009,-122.181112299349,219.450753542671
matrix,UW1,4372.08370323719,10894.806614417,1855.53510215232,2.81579591560648,4.39245869675845,-0.44821161266992,27.6331146115807,-278.931550128311
matrix,UW1,10894.806614417,193418.453980442,66538.5747753311,-21.4871537561433,49.5821616179854,1.29663926725341,3031.20129718434,-4528.62074368295
matrix,UW1,1855.53510215232,66538.5747753311,66599.412955298,-20.5245422764901,15.7670603907285,5.4288478576159,1601.57179017053,-1320.10864742219
matrix,UW1,2.81579591560648,-21.4871537561433,-20.5245422764901,0.156205420592105,-0.027927256814221,0.0077509872263855,-2.93966900068796,0.515319811763245
matrix,UW1,4.39245869675845,49.5821616179854,15.7670603907285,-0.027927256814221,0.100502427110491,-0.0109168047159289,2.04172177096549,-2.65991763264901
matrix,UW1,-0.44821161266992,1.29663926725341,5.4288478576159,0.0077509872263855,-0.0109168047159289,0.0841363452823283,-0.00884060458434978,0.793018522566225
matrix,UW1,27.6331146115807,3031.20129718434,1601.57179017053,-2.93966900068796,2.04172177096549,-0.00884060458434978,129.709213626138,-87.7987958308692
matrix,UW1,-278.931550128311,-4528.62074368295,-1320.10864742219,0.515319811763245,-2.65991763264901,0.793018522566225,-87.7987958308692,161.825708833022
matrix,ER1,6900.57667226891,22387.3929630252,12450.8830081933,-9.14606001470588,13.6006426036415,4.81632342226891,311.716955913865,-565.198471252801
matrix,ER1,22387.3929630252,163358.636136891,87675.6519464006,-62.8693975315126,51.9948824254902,56.0902789963585,3257.9740652042,-3331.08470354342
matrix,ER1,12450.8830081933,87675.6519464006,93294.5973761345,-62.5663833368347,27.9653497081232,4.96997338557423,2730.17355995602,-1553.52662822969
matrix,ER1,-9.14606001470588,-62.8693975315126,-62.5663833368347,0.189194766120448,-0.0683706566946779,-0.00101213902661064,-3.88011389435574,1.4788591887395
matrix,ER1,13.6006426036415,51.9948824254902,27.9653497081232,-0.0683706566946779,0.208226777417367,-0.00926260853921569,2.83949148766246,-3.19706809526611
matrix,ER1,4.81632342226891,56.0902789963585,4.96997338557423,-0.00101213902661064,-0.00926260853921569,0.152542603338936,0.237156548806723,0.335366519187675
matrix,ER1,311.716955913865,3257.9740652042,2730.17355995602,-3.88011389435574,2.83949148766246,0.237156548806723,156.368986126787,-82.6348834010224
matrix,ER1,-565.198471252801,-3331.08470354342,-1553.52662822969,1.4788591887395,-3.19706809526611,0.335366519187675,-82.6348834010224,132.968295503739
matrix,IY1,5420.74052938387,23184.7628167126,2320.33832769982,2.83021635819509,6.56452892260617,4.46761852233733,223.687435269403,-582.453319957992
matrix,IY1,23184.7628167126,297763.96889776,40547.2127994197,11.6133006069657,48.461354345726,3.45638715954145,4069.10729189792,-7010.17694600068
matrix,IY1,2320.33832769982,40547.2127994197,41622.3214105567,-0.693848756376629,7.11908882332306,-6.00996689167923,733.967420709396,-998.761147721264
matrix,IY1,2.83021635819509,11.6133006069657,-0.693848756376629,0.168057866431272,-0.0460189340930649,-0.0237633021781085,-2.52247977577754,-0.265155869046183
matrix,IY1,6.56452892260617,48.461354345726,7.11908882332306,-0.0460189340930649,0.0930599839160274,-0.00178793187178983,2.39442441705451,-2.69715946308384
matrix,IY1,4.46761852233733,3.45638715954145,-6.00996689167923,-0.0237633021781085,-0.00178793187178983,0.101728848180666,0.093382245957205,1.15192758676371
matrix,IY1,223.687435269403,4069.10729189792,733.967420709396,-2.52247977577754,2.39442441705451,0.093382245957205,141.205645899366,-126.397255336325
matrix,IY1,-582.453319957992,-7010.17694600068,-998.761147721264,-0.265155869046183,-2.69715946308384,1.15192758676371,-126.397255336325,241.103483490664
matrix,EH1,8638.33568912676,23402.2639842254,-1815.7041950522,-7.98940165547639,16.6438133586744,6.82012593063795,279.213052662071,-754.65394735546
matrix,EH1,23402.2639842254,142975.484723551,12537.9950124954,-49.2210749527423,80.3838201126761,29.0383884087158,2488.28549809806,-4176.43289384356
matrix,EH1,-1815.7041950522,12537.9950124954,47786.0801200226,-16.7274984205247,4.3725584260591,12.2896984239934,492.202689515802,12.5475575282575
matrix,EH1,-7.98940165547639,-49.2210749527423,-16.7274984205247,0.16987146648992,-0.0736674762479978,-0.0195796999774648,-3.02753391737476,1.87370641738371
matrix,EH1,16.6438133586744,80.3838201126761,4.3725584260591,-0.0736674762479978,0.201542991447004,0.0058452388013256,3.33910023375719,-4.64216245727501
matrix,EH1,6.82012593063795,29.0383884087158,12.2896984239934,-0.0195796999774648,0.0058452388013256,0.0977166096623032,0.360908108039105,0.293654870717813
matrix,EH1,279.213052662071,2488.28549809806,492.202689515802,-3.02753391737476,3.33910023375719,0.360908108039105,110.144121113425,-102.916187783119
matrix,EH1,-754.65394735546,-4176.43289384356,12.5475575282575,1.87370641738371,-4.64216245727501,0.293654870717813,-102.916187783119,195.669312092599
matrix,AE1,21041.6911469038,43570.3326742404,5564.36076155032,-21.9459057760783,28.1429503430265,6.71614638025789,491.925016301823,-1243.27184218121
matrix,AE1,43570.3326742404,183839.25618778,49712.8510421891,-101.213431551727,66.4939965083,31.9829392404402,2933.81153809193,-4057.79843096621
matrix,AE1,5564.36076155032,49712.8510421891,57934.9751481829,-40.3135007413814,-1.27385237235809,24.0485866032385,1187.80719542855,-218.248046449652
matrix,AE1,-21.9459057760783,-101.213431551727,-40.3135007413814,0.152867971803616,-0.0667349607800504,-0.018412433161331,-2.96380549326449,2.3086826479668
matrix,AE1,28.1429503430265,66.4939965083,-1.27385237235809,-0.0667349607800504,0.205245601077664,-0.00462579207699718,2.78946434511168,-4.61061010057122
matrix,AE1,6.71614638025789,31.9829392404402,24.0485866032385,-0.018412433161331,-0.00462579207699718,0.100998359129947,0.31007014614462,0.634320091205573
matrix,AE1,491.925016301823,2933.81153809193,1187.80719542855,-2.96380549326449,2.78946434511168,0.31007014614462,104.184273318475,-93.724348261957
matrix,AE1,-1243.27184218121,-4057.79843096621,-218.248046449652,2.3086826479668,-4.61061010057122,0.634320091205573,-93.724348261957,186.307693904508
matrix,AH1,14470.4424815517,25284.8561444656,14491.4411881162,-6.40743831776245,6.95184151902056,-0.423653082027868,134.19575732619,-567.37691167705
matrix,AH1,25284.8561444656,103814.633246702,60835.5889119812,-46.167932074026,28.3529716972132,21.8749813145225,1577.95433859576,-2376.8246453105
matrix,AH1,14491.4411881162,60835.5889119812,104535.877148056,-37.6518764659294,-11.3784692609781,8.93990465363231,1365.58671330982,-496.068758145969
matrix,AH1,-6.40743831776245,-46.167932074026,-37.6518764659294,0.161708514864313,-0.0573994303528138,-0.0324405506523268,-3.03598217246801,1.27868065602881
matrix,AH1,6.95184151902056,28.3529716972132,-11.3784692609781,-0.0573994303528138,0.137576813336986,-0.00475003068107413,2.13539746665774,-2.55332064194095
matrix,AH1,-0.423653082027868,21.8749813145225,8.93990465363231,-0.0324405506523268,-0.00475003068107413,0.101418824864989,0.656053333658482,0.546804256462392
matrix,AH1,134.19575732619,1577.95433859576,1365.58671330982,-3.03598217246801,2.13539746665774,0.656053333658482,106.579031591775,-56.7950364122954
matrix,AH1,-567.37691167705,-2376.8246453105,-496.068758145969,1.27868065602881,-2.55332064194095,0.546804256462392,-56.7950364122954,114.281904381186
matrix,OY1,1904.45308,4199.2177,7495.9801,-7.4781544,0.206863199999996,-8.5640002,142.144256,-36.7528528000001
matrix,OY1,4199.2177,12095.2087466667,24026.8256733333,-17.2207636666667,-4.00510819999999,-23.8860978,369.255757,-220.784729466667
matrix,OY1,7495.9801,24026.8256733333,60843.0396266667,-20.2420327333333,-40.7612218,-33.0954296,219.3079992,198.793476866667
matrix,OY1,-7.4781544,-17.2207636666667,-20.2420327333333,0.0468673936666667,-0.018106393,0.043166911,-1.252484566,0.745023540666668
matrix,OY1,0.206863199999996,-4.00510819999999,-40.7612218,-0.018106393,0.100438735,-0.038134421,0.865095692,-1.83741154
matrix,OY1,-8.5640002,-23.8860978,-33.0954296,0.043166911,-0.038134421,0.086071539,-1.224736122,1.564698796
matrix,OY1,142.144256,369.255757,219.3079992,-1.252484566,0.865095692,-1.224736122,39.225153764,-32.446630324
matrix,OY1,-36.7528528000001,-220.784729466667,198.793476866667,0.745023540666668,-1.83741154,1.564698796,-32.446630324,56.2829916346667
matrix,EY1,6330.1144268546,20343.4854268546,71.937048961424,-1.96825211424332,10.4967386216617,0.728909120178041,229.672610277448,-590.192568833828
matrix,EY1,20343.4854268546,292950.546636034,57689.7795248082,-65.2701760812512,72.0606337179341,-2.23013082363529,5180.61958745289,-5991.82403211485
matrix,EY1,71.937048961424,57689.7795248082,42387.5202432813,-18.9500726520289,-0.714199177304091,2.04576599288887,1345.46567557279,-702.286638928292
matrix,EY1,-1.96825211424332,-65.2701760812512,-18.9500726520289,0.15036552241471,-0.0518842904218391,0.00417829494416449,-3.44835622991633,1.76871289421927
matrix,EY1,10.4967386216617,72.0606337179341,-0.714199177304091,-0.0518842904218391,0.157326641174038,-0.0327952255209559,3.18514528113348,-4.46100120721929
matrix,EY1,0.728909120178041,-2.23013082363529,2.04576599288887,0.00417829494416449,-0.0327952255209559,0.0914720019416888,-0.723471977726283,1.45478631276842
matrix,EY1,229.672610277448,5180.61958745289,1345.46567557279,-3.44835622991633,3.18514528113348,-0.723471977726283,179.465233218414,-143.463547252053
matrix,EY1,-590.192568833828,-5991.82403211485,-702.286638928292,1.76871289421927,-4.46100120721929,1.45478631276842,-143.463547252053,220.753896328857
